[Header],,,,,,,,,,,,
IEMFileVersion,5,,,,,,,,,,,
Date,2/2/2021,,,,,,,,,,,
Workflow,GenerateFASTQ,,,,,,,,,,,
Application,Nextseq FASTQ,,,,,,,,,,,
Instrument Type,Nextseq 500/550,,,,,,,,,,,
Assay,Agilent_SureSelect_Human_AllExon_V7,,,,,,,,,,,
Index Adapters,Agilent_Sure_SelectXT_HS,,,,,,,,,,,
Chemistry,SureSelectXT_HS ,,,,,,,,,,,
Operator,Katayoun Alemazkur,,,,,,,,,,,
Investigator,Ute Fischer / Rabea Wagener,,,,,,,,,,,
Backup_NAS_name,Rondra,,,,,,,,,,,
kind_of_run,2x151bp,,,,,,,,,,,
[Reads],,,,,,,,,,,,
151,,,,,,,,,,,,
151,,,,,,,,,,,,
,,,,,,,,,,,,
[Settings],,,,,,,,,,,,
ReverseComplement,0,,,,,,,,,,,
Adapter,AGATCGGAAGAGCACACGTCTGAACTCCAGTCA,,,,,,,,,,,
AdapterRead2,AGATCGGAAGAGCGTCGTGTAGGGAAAGAGTGT,,,,,,,,,,,
,,,,,,,,,,,,
[Data],,,,,,,,,,,,
Lane,Sample_ID,Sample_Name,Sample_Plate,Sample_Well,I7_Index_ID,index,Sample_Project,Description,spike_entity_id,spike_entity_role,spike_ignore_sample,capture_kit 
1,KB0404_c,,,,B01,TGAAGAGA,Keimbahn,set1,KB0404,patient,,SureSelect Human All Exon V7 
1,KB0404_f,,,,C01,TTCACGCA,Keimbahn,set1,KB0404,father,,SureSelect Human All Exon V7 
1,KB0404_m,,,,D01,AACGTGAT,Keimbahn,set1,KB0404,mother,,SureSelect Human All Exon V7 
1,KB0054_c,,,,E01,ACCACTGT,Keimbahn,set1,KB0054,patient,,SureSelect Human All Exon V7 
1,KB0131_c,,,,F01,ACCTCCAA,Keimbahn,set1,KB0131,patient,,SureSelect Human All Exon V7 
1,KB0152_c,,,,G01,ATTGAGGA,Keimbahn,set1,KB0152,patient,,SureSelect Human All Exon V7 
1,KB0247_c,,,,H01,ACACAGAA,Keimbahn,set1,KB0247,patient,,SureSelect Human All Exon V7 
1,KB0403_o,,,,A02,GCGAGTAA,Keimbahn,set1,KB0403,,,SureSelect Human All Exon V7 
2,KB0404_c,,,,B01,TGAAGAGA,Keimbahn,set2,KB0404,patient,,SureSelect Human All Exon V7 
2,KB0404_f,,,,C01,TTCACGCA,Keimbahn,set2,KB0404,father,,SureSelect Human All Exon V7 
2,KB0404_m,,,,D01,AACGTGAT,Keimbahn,set2,KB0404,mother,,SureSelect Human All Exon V7 
2,KB0054_c,,,,E01,ACCACTGT,Keimbahn,set2,KB0054,patient,,SureSelect Human All Exon V7 
2,KB0131_c,,,,F01,ACCTCCAA,Keimbahn,set2,KB0131,patient,,SureSelect Human All Exon V7 
2,KB0152_c,,,,G01,ATTGAGGA,Keimbahn,set2,KB0152,patient,,SureSelect Human All Exon V7 
2,KB0247_c,,,,H01,ACACAGAA,Keimbahn,set2,KB0247,patient,,SureSelect Human All Exon V7 
2,KB0403_o,,,,A02,GCGAGTAA,Keimbahn,set2,KB0403,,,SureSelect Human All Exon V7 
3,KB0404_c,,,,B01,TGAAGAGA,Keimbahn,set3,KB0404,patient,,SureSelect Human All Exon V7 
3,KB0404_f,,,,C01,TTCACGCA,Keimbahn,set3,KB0404,father,,SureSelect Human All Exon V7 
3,KB0404_m,,,,D01,AACGTGAT,Keimbahn,set3,KB0404,mother,,SureSelect Human All Exon V7 
3,KB0054_c,,,,E01,ACCACTGT,Keimbahn,set3,KB0054,patient,,SureSelect Human All Exon V7 
3,KB0131_c,,,,F01,ACCTCCAA,Keimbahn,set3,KB0131,patient,,SureSelect Human All Exon V7 
3,KB0152_c,,,,G01,ATTGAGGA,Keimbahn,set3,KB0152,patient,,SureSelect Human All Exon V7 
3,KB0247_c,,,,H01,ACACAGAA,Keimbahn,set3,KB0247,patient,,SureSelect Human All Exon V7 
3,KB0403_o,,,,A02,GCGAGTAA,Keimbahn,set3,KB0403,,,SureSelect Human All Exon V7 
4,KB0404_c,,,,B01,TGAAGAGA,Keimbahn,set4,KB0404,patient,,SureSelect Human All Exon V7 
4,KB0404_f,,,,C01,TTCACGCA,Keimbahn,set4,KB0404,father,,SureSelect Human All Exon V7 
4,KB0404_m,,,,D01,AACGTGAT,Keimbahn,set4,KB0404,mother,,SureSelect Human All Exon V7 
4,KB0054_c,,,,E01,ACCACTGT,Keimbahn,set4,KB0054,patient,,SureSelect Human All Exon V7 
4,KB0131_c,,,,F01,ACCTCCAA,Keimbahn,set4,KB0131,patient,,SureSelect Human All Exon V7 
4,KB0152_c,,,,G01,ATTGAGGA,Keimbahn,set4,KB0152,patient,,SureSelect Human All Exon V7 
4,KB0247_c,,,,H01,ACACAGAA,Keimbahn,set4,KB0247,patient,,SureSelect Human All Exon V7 
4,KB0403_o,,,,A02,GCGAGTAA,Keimbahn,set4,KB0403,,,SureSelect Human All Exon V7 
