[Header],,,,,,,,,,,
IEMFileVersion,5,,,,,,,,,,
Date,2/3/2021,,,,,,,,,,
Workflow,GenerateFASTQ,,,,,,,,,,
Application,Nextseq FASTQ,,,,,,,,,,
Instrument Type,Nextseq 500/550,,,,,,,,,,
Assay,Agilent_Sure_SelectXT,,,,,,,,,,
Index Adapters,Agilent_Sure_SelectXT_HS,,,,,,,,,,
Chemistry,sureselect_Agilent  V5+UTRs,,,,,,,,,,
Operator,Katayoun Alemazkur,,,,,,,,,,
Investigator,Ute Fischer / Rabea Wagener,,,,,,,,,,
Backup_NAS_name,Rondra,,,,,,,,,,
kind_of_run,2x151bp,,,,,,,,,,
[Reads],,,,,,,,,,,
151,,,,,,,,,,,
151,,,,,,,,,,,
,,,,,,,,,,,
[Settings],,,,,,,,,,,
ReverseComplement,0,,,,,,,,,,
Adapter,AGATCGGAAGAGCACACGTCTGAACTCCAGTCA,,,,,,,,,,
AdapterRead2,AGATCGGAAGAGCGTCGTGTAGGGAAAGAGTGT,,,,,,,,,,
,,,,,,,,,,,
[Data],,,,,,,,,,,
Lane,Sample_ID,Sample_Name,Sample_Plate,Sample_Well,I7_Index_ID,index,Sample_Project,Description,spike_entity_id,spike_entity_role,spike_ignore_sample
1,KB0307_c_t,,,,C01,AACGTGAT,Keimbahn,set1,KB0307,tumor_patient,
1,KB0301_c_t,,,,D01,CACTTCGA,Keimbahn,set1,KB0307,tumor_patient,
1,ALPS_85,,,,E01,GCCAAGAC,Alps,set1,ALPS_85,patient,
1,ALPS_85_a,,,,F01,GACTAGTA,Alps,set1,ALPS_85,father,
1,ALPS_85_b,,,,G01,ATTGGCTC,Alps,set1,ALPS_85,mother,
1,ALPS_85_c,,,,H01,GATGAATC,Alps,set1,ALPS_85,sibling,
2,KB0307_c_t,,,,C01,AACGTGAT,Keimbahn,set2,KB0307,tumor_patient,
2,KB0301_c_t,,,,D01,CACTTCGA,Keimbahn,set2,KB0307,tumor_patient,
2,ALPS_85,,,,E01,GCCAAGAC,Alps,set2,ALPS_85,patient,
2,ALPS_85_a,,,,F01,GACTAGTA,Alps,set2,ALPS_85,father,
2,ALPS_85_b,,,,G01,ATTGGCTC,Alps,set2,ALPS_85,mother,
2,ALPS_85_c,,,,H01,GATGAATC,Alps,set2,ALPS_85,sibling,
3,KB0307_c_t,,,,C01,AACGTGAT,Keimbahn,set3,KB0307,tumor_patient,
3,KB0301_c_t,,,,D01,CACTTCGA,Keimbahn,set3,KB0307,tumor_patient,
3,ALPS_85,,,,E01,GCCAAGAC,Alps,set3,ALPS_85,patient,
3,ALPS_85_a,,,,F01,GACTAGTA,Alps,set3,ALPS_85,father,
3,ALPS_85_b,,,,G01,ATTGGCTC,Alps,set3,ALPS_85,mother,
3,ALPS_85_c,,,,H01,GATGAATC,Alps,set3,ALPS_85,sibling,
4,KB0307_c_t,,,,C01,AACGTGAT,Keimbahn,set4,KB0307,tumor_patient,
4,KB0301_c_t,,,,D01,CACTTCGA,Keimbahn,set4,KB0307,tumor_patient,
4,ALPS_85,,,,E01,GCCAAGAC,Alps,set4,ALPS_85,patient,
4,ALPS_85_a,,,,F01,GACTAGTA,Alps,set4,ALPS_85,father,
4,ALPS_85_b,,,,G01,ATTGGCTC,Alps,set4,ALPS_85,mother,
4,ALPS_85_c,,,,H01,GATGAATC,Alps,set4,ALPS_85,sibling,
